name,description,framework_id
Objetivo 1: Poner fin a la pobreza en todas sus formas en todo el mundo,"Erradicar la pobreza extrema para todas las personas en todo el mundo para 2030 es un objetivo fundamental de la Agenda 2030 para el desarrollo sostenible.
La pobreza extrema, entendida como el hecho de sobrevivir con menos de 2,15 dolares por persona al dia segun la paridad del poder adquisitivo de 2017, ha experimentado descensos notables en las ultimas decadas. Sin embargo, la aparicion de la COVID-19 marco un punto de inflexion, al revertir estos avances, ya que el numero de personas que viven en la pobreza extrema aumento por primera vez en una generacion en casi 90 millones con respecto a las predicciones anteriores.
Incluso antes de la pandemia, el impulso de la reduccion de la pobreza se estaba desacelerando. Para finales de 2022, el pronostico inmediato sugirio que el 8,4 % de la poblacion mundial, o hasta 670 millones de personas, podrian seguir viviendo en la pobreza extrema. Este reves borro efectivamente alrededor de tres anos de progreso en el alivio de la pobreza.
Si persisten los patrones actuales, se estima que el 7 % de la poblacion mundial (aproximadamente 575 millones de personas) aun podria encontrarse atrapada en la pobreza extrema para 2030, con una concentracion significativa en el Africa subsahariana.
Una revelacion alarmante es el resurgimiento de los niveles de hambre a los registrados por ultima vez en 2005. Igualmente preocupante es el aumento persistente de los precios de los alimentos en un mayor numero de paises en comparacion con el periodo de 2015 a 2019. Este doble problema de la pobreza y la seguridad alimentaria plantea una grave preocupacion mundial.",1
Objetivo 2: Poner fin al hambre,"El objetivo 2 es crear un mundo libre de hambre para 2030. El problema global del hambre y la inseguridad alimentaria ha mostrado un aumento alarmante desde 2015, una tendencia exacerbada por una combinacion de factores que incluyen la pandemia, los conflictos, el cambio climatico y la profundizacion de las desigualdades.
En 2022, aproximadamente 735 millones de personas (o el 9,2 % de la poblacion mundial) se encontraban en estado de hambre cronica, un aumento vertiginoso en comparacion con 2019. Estos datos subrayan la gravedad de la situacion y revelan una crisis creciente.
Ademas, se estima que 2400 millones de personas se enfrentaron a inseguridad alimentaria de moderada a grave en 2022; lo que significa que carecen de acceso a una alimentacion suficiente. Este numero aumento en unos alarmantes 391 millones de personas en comparacion con 2019.
El persistente aumento del hambre y la inseguridad alimentaria, impulsado por una compleja interaccion de factores, exige atencion inmediata y esfuerzos globales coordinados para aliviar este desafio humanitario critico.
El hambre y la malnutricion extremas siguen siendo un obstaculo para el desarrollo sostenible y crean una trampa de la que las personas no pueden escapar facilmente. El hambre y la malnutricion se traducen en individuos menos productivos, mas propensos a las enfermedades y, por tanto, a menudo imposibilitados para ganar mas y mejorar sus medios de subsistencia. 2000 millones de personas en el mundo no tienen acceso habitual a alimentos seguros, nutritivos y suficientes. En 2022, 148 millones de ninos sufrieron retraso en el crecimiento y 45 millones de ninos menores de 5 anos sufrieron emaciacion.",1
Objetivo 3: Garantizar una vida sana y promover el bienestar para todos en todas las edades,"En los ultimos anos se han logrado grandes avances en la mejora de la salud de las personas. 146 de 200 paises o regiones ya han cumplido o estan en camino de alcanzar la meta de los ODS sobre mortalidad en menores de 5 anos. El tratamiento eficaz contra el VIH ha reducido las muertes relacionadas con el sida en un 52 % desde 2010 y se ha eliminado al menos una enfermedad tropical desatendida en 47 paises.
Sin embargo, todavia persisten las desigualdades en el acceso a la atencion sanitaria. La pandemia de la COVID-19 y otras crisis en curso han impedido el progreso hacia el objetivo 3. La vacunacion infantil ha experimentado el mayor descenso en tres decadas y las muertes por tuberculosis y malaria han aumentado en comparacion con los niveles previos a la pandemia.
Los Objetivos de Desarrollo Sostenible suponen un compromiso audaz para poner fin a las epidemias de sida, tuberculosis, malaria y otras enfermedades transmisibles para 2030. El objetivo es lograr la cobertura sanitaria universal y proporcionar acceso a medicamentos y vacunas seguros y asequibles para todos.
Para superar estos contratiempos y abordar las persistentes deficiencias en la atencion de la salud, se necesita una mayor inversion en los sistemas sanitarios con el fin de apoyar a los paises en su recuperacion y desarrollar resiliencia contra futuras amenazas a la salud.",1
"Objetivo 4: Garantizar una educacion inclusiva, equitativa y de calidad y promover oportunidades de aprendizaje durante toda la vida para todos","El progreso hacia una educacion de calidad ya era mas lento de lo requerido antes de la pandemia, pero la covid-19 ha tenido impactos devastadores en la educacion, provocando perdidas de aprendizaje en cuatro de cada cinco paises de un total de 104 analizados.
Sin medidas adicionales, se estima que 84 millones de ninos y jovenes no asistiran a la escuela de aqui a 2030 y aproximadamente 300 millones de estudiantes careceran de las habilidades basicas de aritmetica y alfabetizacion necesarias para tener exito en la vida.
El progreso hacia una educacion de calidad ya era mas lento de lo requerido antes de la pandemia, pero la covid-19 ha tenido impactos devastadores en la educacion, provocando perdidas de aprendizaje en cuatro de cada cinco paises de un total de 104 analizados.
Sin medidas adicionales, se estima que 84 millones de ninos y jovenes no asistiran a la escuela de aqui a 2030 y aproximadamente 300 millones de estudiantes careceran de las habilidades basicas de aritmetica y alfabetizacion necesarias para tener exito en la vida.
Ademas de la educacion primaria y secundaria gratuita para todos los ninos y ninas de aqui a 2030, el objetivo es proporcionar igualdad de acceso a una formacion profesional asequible, eliminar las disparidades de genero y riqueza y lograr el acceso universal a una educacion superior de calidad.
La educacion es la clave que permitira alcanzar muchos otros objetivos de desarrollo sostenible (ODS). Cuando las personas pueden obtener una educacion de calidad, pueden romper el ciclo de la pobreza.
La educacion ayuda a reducir las desigualdades y a alcanzar la igualdad de genero. Tambien ayuda a las personas de todo el mundo vivir una vida mas saludable y sostenible. La educacion tambien es importante para fomentar la tolerancia entre las personas y contribuye al desarrollo de sociedades mas pacificas.
Para cumplir el objetivo 4, la financiacion de la educacion debe convertirse en una prioridad de inversion nacional. Ademas, medidas como hacer que la educacion sea gratuita y obligatoria, aumentar el numero de docentes, mejorar la infraestructura escolar basica y adoptar la transformacion digital son esenciales.",1
Objetivo 5: Lograr la igualdad entre los generos y empoderar a todas las mujeres y las ninas,"La igualdad de genero no solo es un derecho humano fundamental, sino que es uno de los fundamentos esenciales para construir un mundo pacifico, prospero y sostenible. Se han conseguido algunos avances durante las ultimas decadas, pero el mundo esta lejos de alcanzar la igualdad de genero para 2030.
Las mujeres y ninas constituyen la mitad de la poblacion mundial y, por tanto, tambien la mitad de su potencial. Pero la desigualdad de genero prevalece y estanca el progreso social.
De media, las mujeres ganan un 23 % menos que los hombres en el mercado laboral mundial y dedican el triple de horas al trabajo domestico y de cuidados no remunerado que los hombres.
La violencia y la explotacion sexuales, el reparto desigual del trabajo domestico y de cuidados no remunerado y la discriminacion en los cargos publicos siguen suponiendo enormes obstaculos. Todas estas desigualdades se han visto agravadas por la pandemia de la COVID-19: han aumentado las denuncias por violencia sexual, las mujeres han asumido mas trabajo de cuidados debido al cierre de escuelas, y el 70 % del personal sanitario y social del mundo son mujeres.
Al ritmo actual, se calcula que se tardara 300 anos en acabar con el matrimonio infantil, 286 anos en subsanar las lagunas de proteccion juridica y eliminar las leyes discriminatorias, 140 anos en que las mujeres esten representadas en pie de igualdad en puestos de poder y liderazgo en el lugar de trabajo y 47 anos en lograr la igualdad de representacion en los parlamentos nacionales.
Es necesario un liderazgo politico, unas inversiones y unas reformas politicas integrales para desmantelar las barreras sistemicas que impiden alcanzar el Objetivo 5. La igualdad de genero es un objetivo transversal y debe ser un elemento clave en las politicas, presupuestos e instituciones nacionales.",1
Objetivo 6: Garantizar la disponibilidad de agua y su gestion sostenible y el saneamiento para todos,"El acceso al agua potable, el saneamiento y la higiene representan la necesidad humana mas basica para el cuidado de la salud y el bienestar. Miles de millones de personas no tendran acceso a estos servicios basicos en 2030 a menos que se cuadrupliquen los avances. El rapido crecimiento de la poblacion, la urbanizacion y las crecientes necesidades en materia de agua de los sectores agricola, industrial y energetico estan provocando un aumento de la demanda de agua.
La demanda de agua ha superado el crecimiento demografico y la mitad de la poblacion mundial actualmente sufre una escasez de agua grave durante al menos un mes al ano. Se preve que la escasez de agua aumente con el incremento de las temperaturas globales, provocado a su vez por el cambio climatico.
Entre las medidas necesarias para garantizar el acceso universal al agua potable segura y asequible de aqui a 2030 se encuentran las inversiones en infraestructuras e instalaciones de saneamiento, la proteccion y el restablecimiento de los ecosistemas relacionados con el agua, asi como la educacion en materia de higiene. Ademas, la mejora del uso eficiente de los recursos hidricos es una de las claves para reducir el estres hidrico.
Se ha producido una evolucion positiva. Entre los anos 2015 y 2022, la proporcion de la poblacion mundial con acceso a servicios de agua potable gestionados de manera segura aumento del 69 % al 73 %.",1
"Objetivo 7: Garantizar el acceso a una energia asequible, segura, sostenible y moderna","El Objetivo 7 pretende garantizar el acceso a una energia limpia y asequible, clave para el desarrollo de la agricultura, las empresas, las comunicaciones, la educacion, la sanidad y el transporte.
El mundo continua avanzando para alcanzar las metas de energia sostenible, pero no lo suficientemente rapido. Al ritmo actual, alrededor de 660 millones de personas continuaran sin acceso a la energia electrica y casi 2000 millones de personas seguiran dependiendo de combustibles y tecnologias contaminantes para cocinar en 2030.
Nuestro dia a dia depende de una energia segura y asequible. No obstante, el consumo de energia sigue siendo la principal causa del cambio climatico, ya que representa alrededor del 60 % de las emisiones mundiales de gases de efecto invernadero.
La tasa mundial de acceso a la energia electrica aumento del 87 % en 2015 al 91 % en 2021.
Para garantizar acceso universal a electricidad asequible en 2030, es necesario invertir en fuentes de energia limpia, como la solar, eolica y termal. Ampliar las infraestructuras y mejorar la tecnologia para suministrar energia limpia en todos los paises en desarrollo son objetivos cruciales que contribuyen tanto al desarrollo como al medioambiente.",1
"Objetivo 8: Promover el crecimiento economico inclusivo y sostenible, el empleo y el trabajo decente para todos","El Objetivo 8 pretende promover el crecimiento economico inclusivo y sostenible, el empleo y el trabajo decente para todos.
Diversas crisis amenazan gravemente la economia mundial. Se preve que el crecimiento real del PIB mundial per capita se desacelere en 2023. Las dificiles condiciones economicas empujan a mas trabajadores al empleo informal.
Se ha producido un incremento de la productividad laboral y un descenso de la tasa de desempleo a escala mundial. No obstante, es necesario seguir avanzando para mejorar las oportunidades de empleo, especialmente entre jovenes, reducir el empleo informal y la desigualdad en el mercado laboral (sobre todo en lo que respecta a la brecha salarial entre hombres y mujeres), promover entornos de trabajo seguros y protegidos y mejorar el acceso a los servicios financieros para garantizar un crecimiento economico sostenido e inclusivo.
A medida que las economias empezaban a recuperarse de los efectos de la pandemia de la COVID-19, la tasa de desempleo mundial se redujo significativamente en 2022, cayendo hasta el 5,4 % a partir de un pico maximo del 6,6 % en 2020. Esta tasa fue inferior al nivel prepandemico del 5,5 % de 2019.",1
"Objetivo 9: Construir infraestructuras resilientes, promover la industrializacion sostenible y fomentar la innovacion","El Objetivo 9 pretende construir infraestructuras resilientes, promover la industrializacion sostenible y fomentar la innovacion.
El crecimiento economico, el desarrollo social y la accion por el clima dependen en gran medida de las inversiones en infraestructuras, el desarrollo industrial sostenible y el progreso tecnologico. Ante la rapida evolucion del panorama economico mundial y el aumento de las desigualdades, el crecimiento sostenido debe implicar una industrializacion que, en primer lugar, haga accesibles las oportunidades a todas las personas y, en segundo lugar, se apoye en la innovacion y en infraestructuras resistentes.
La industria manufacturera mundial, considerada uno de los motores del crecimiento economico global, ha venido experimentando un declive constante debido a los aranceles y las tensiones comerciales, incluso antes del inicio de la pandemia de la COVID-19. El declive de la industria manufacturera provocado por la pandemia ha tenido graves repercusiones en la economia mundial.
Esto se debe principalmente a la elevada inflacion, los cambios en el precio de la energia, las continuas interrupciones en el suministro de materias primas y productos intermedios, y la desaceleracion de la economia mundial.
Mientras que los paises menos adelantados (PMA) de Asia han realizado progresos considerables, los PMA de Africa tendrian que cambiar la trayectoria actual e intensificar significativamente sus avances para alcanzar el objetivo de aqui a 2030. Sin embargo, las industrias de tecnologia media-alta y alta mostraron solidas tasas de crecimiento.",1
Objetivo 10: Reducir la desigualdad en y entre los paises,"La desigualdad amenaza el desarrollo social y economico a largo plazo, frena la reduccion de la pobreza y destruye el sentido de realizacion y autoestima de las personas.
En la mayoria de los paises, los ingresos del 40 % mas pobre de la poblacion aumentaron con mayor rapidez que la media nacional. Sin embargo, los ultimos datos, aun no concluyentes, sugieren que la COVID-19 puede haber perjudicado esta tendencia positiva de reduccion de la desigualdad dentro de los paises.
La pandemia tambien provoco el mayor aumento de la desigualdad entre paises en tres decadas. Para reducir la desigualdad tanto dentro de los paises como entre ellos es necesario distribuir equitativamente los recursos, invertir en la ensenanza y el desarrollo de capacidades, implementar medidas de proteccion social, luchar contra la discriminacion, apoyar a los grupos marginados y fomentar la cooperacion internacional para un comercio y sistemas financieros justos.",1
"Objetivo 11: Lograr que las ciudades sean mas inclusivas, seguras, resilientes y sostenible","El Objetivo 11 pretende lograr que las ciudades y los asentamientos humanos sean inclusivos, seguros, resilientes y sostenibles.
Las ciudades representan el futuro del modo de vida global. La poblacion mundial alcanzo los 8000 millones de personas en 2022, de las cuales mas de la mitad viven en zonas urbanas. Se preve que esta cifra aumente y que para 2050 el 70 % de la poblacion vivira en ciudades.
Aproximadamente 1100 millones de personas viven actualmente en barrios marginales, o en condiciones similares en las ciudades, y se espera que en los proximos 30 anos haya 2000 millones mas.
Sin embargo, muchas de estas ciudades no estan preparadas para esta rapida urbanizacion, y el desarrollo de la vivienda, las infraestructuras y los servicios se ve superado, lo que provoca un crecimiento de los barrios marginales o de condiciones similares.
El crecimiento urbano descontrolado, la contaminacion atmosferica y la escasez de espacios publicos abiertos persisten en las ciudades.
Desde la implementacion de los ODS en 2015 se han realizado grandes progresos y, a dia de hoy, el numero de paises con estrategias nacionales y locales de reduccion del riesgo de catastrofes se ha duplicado. No obstante, siguen existiendo problemas y, en 2022, solo la mitad de la poblacion urbana mundial tenia acceso al transporte publico.
No es posible alcanzar el desarrollo sostenible sin transformar significativamente la forma en que se construyen y gestionan los espacios urbanos.",1
Objetivo 12: Garantizar modalidades de consumo y produccion sostenibles,"El Objetivo 12 pretende garantizar modalidades de consumo y produccion sostenibles, algo fundamental para sostener los medios de subsistencia de las generaciones actuales y futuras.
Nuestro planeta se esta quedando sin recursos, pero el indice de poblacion sigue creciendo. En caso de que la poblacion mundial alcance los 9800 millones de personas en 2050, se podria necesitar el equivalente a casi tres planetas para proporcionar los recursos naturales necesarios para mantener los estilos de vida actuales.
Para reducir nuestros niveles de consumo, debemos cambiar nuestros habitos de consumo, y una de las principales medidas que debemos adoptar es sustituir los sistemas de suministro energetico por otros mas sostenibles. Las crisis mundiales provocaron un resurgimiento de las subvenciones a los combustibles fosiles, que casi se duplicaron de 2020 a 2021.
Se estan produciendo cambios prometedores en las empresas, como la tendencia al aumento de la elaboracion de informes de sostenibilidad -que en apenas unos anos se ha visto casi triplicada-, lo que demuestra un mayor nivel de compromiso y concienciacion sobre la necesidad de dar prioridad a las practicas sostenibles en todos los sectores empresariales.
El desperdicio de alimentos es otro indicio del consumo excesivo. Abordar la perdida de alimentos es urgente y requiere politicas especificas basadas en datos, asi como inversiones en tecnologias, infraestructuras, ensenanza y supervision. A pesar de que una gran parte de la poblacion mundial pasa hambre, cada ano se desperdicia la asombrosa cantidad de 931 millones de toneladas de alimentos.",1
Objetivo 13: Adoptar medidas urgentes para combatir el cambio climatico y sus efectos,"El cambio climatico afectara a todas las personas de todos los paises de todos los continentes de alguna forma. Se avecina un cataclismo climatico y no estamos preparados para las posibles consecuencias.
El cambio climatico se debe a las actividades humanas y amenaza la vida en la Tierra tal como la conocemos. Con el aumento de las emisiones de gases de efecto invernadero, el cambio climatico evoluciona a un ritmo mucho mas rapido de lo previsto. Sus efectos pueden ser devastadores y pueden provocar fenomenos meteorologicos extremos y cambiantes, asi como la subida del nivel del mar.
De no controlarse, el cambio climatico echara por tierra muchos de los avances logrados en materia de desarrollo en los ultimos anos. Tambien provocara migraciones masivas que derivaran en inestabilidad y guerras.
Para limitar el calentamiento global a 1,5 grados C por encima de los niveles preindustriales, las emisiones ya deberian estar disminuyendo y necesitan reducirse casi a la mitad para 2030, dentro de solo siete anos. Sin embargo, estamos muy lejos de lograr este objetivo.
Es crucial tomar medidas urgentes y transformadoras que vayan mas alla de meros planes y promesas. Esto exige aumentar las ambiciones, abarcar economias enteras y avanzar hacia un desarrollo resiliente al clima, al tiempo que se traza una trayectoria clara para lograr cero emisiones netas. El tiempo se acaba y es necesario tomar medidas inmediatas para evitar consecuencias catastroficas y garantizar un futuro sostenible a las generaciones venideras.",1
"Objetivo 14: Conservar y utilizar sosteniblemente los oceanos, los mares y los recursos marinos","El Objetivo 14 pretende conservar y utilizar sosteniblemente los oceanos, los mares y los recursos marinos. La existencia humana y la vida en la Tierra dependen de unos oceanos y mares sanos.
Los oceanos son intrinsecos a nuestra vida en la Tierra. Cubren tres cuartas partes de la superficie terrestre, contienen el 97 % del agua de la Tierra y representan el 99 % del espacio vital del planeta por volumen.
Proporcionan recursos naturales clave como alimentos, medicinas, biocombustibles y otros productos; ayudan a descomponer y eliminar los residuos y a reducir la contaminacion; y sus ecosistemas costeros contribuyen a reducir los danos causados por las tormentas. Tambien constituyen el mayor sumidero de carbono del planeta.
La contaminacion marina esta alcanzando niveles extremos. Mas de 17 millones de toneladas metricas contaminaban el oceano en 2021, cifra que se duplicara o triplicara para el ano 2040, lo que resulta preocupante. El plastico es el tipo de desecho marino mas danino.
En la actualidad, el pH medio del oceano es de 8,1, aproximadamente un 30 % mas acido que en la epoca preindustrial. La acidificacion de los oceanos amenaza la supervivencia de la vida marina, perturba la cadena alimentaria y socava tanto los servicios vitales que prestan los oceanos como nuestra propia seguridad alimentaria.
La gestion responsable de este vital recurso mundial es una de las claves de un futuro sostenible. Esto implica aumentar la financiacion de la ciencia oceanica, intensificar los esfuerzos de conservacion, y cambiar con urgencia el rumbo del cambio climatico para salvaguardar el mayor ecosistema del planeta. Los esfuerzos actuales para proteger los oceanos no responden aun a la urgente necesidad de salvaguardar este vasto, aunque fragil, recurso.",1
"Objetivo 15: Gestionar sosteniblemente los bosques, luchar contra la desertificacion, detener e invertir la degradacion de las tierras, detener la perdida de biodiversidad","El Objetivo 15 pretende conservar la vida de ecosistemas terrestres. Busca proteger y restablecer los ecosistemas terrestres, gestionar sosteniblemente los bosques, luchar contra la desertificacion, detener e invertir la degradacion de las tierras, y detener la perdida de biodiversidad.
Los ecosistemas terrestres son vitales para el sostenimiento de la vida humana, contribuyen a mas de la mitad del PIB mundial e incluyen diversos valores culturales, espirituales y economicos.
Sin embargo, el mundo se enfrenta a una triple crisis del cambio climatico, a la contaminacion y a la perdida de la biodiversidad.
Mas de 100 millones de hectareas de tierras sanas y productivas se degradaron anualmente entre 2015 y 2019, lo que afecto a la vida de 1300 millones de personas.
La expansion agricola es el motor directo de casi el 90 % de la deforestacion mundial. Esta cifra guarda relacion directa con nuestros sistemas alimentarios, pues la cosecha de palma de aceite represento por si sola el 7 % de la deforestacion mundial entre los anos 2000 y 2018.
Los esfuerzos mundiales y regionales para mantener los ecosistemas forestales, asi como sus funciones sociales, economicas y medioambientales, son esenciales especialmente para los paises en desarrollo y los tropicos.
Para cumplir el Objetivo 15, es esencial un cambio fundamental en la relacion de la humanidad con la naturaleza, y tomar conciencia de que la naturaleza es la base de nuestra vida en la Tierra. El Marco Mundial Kunming-Montreal de la Diversidad Biologica, recientemente adoptado, ofrece al Objetivo 15 un impulso renovado al esbozar cuatro objetivos orientados a resultados que deben alcanzarse para 2050 y 23 metas que deben lograrse para 2030.",1
"Objetivo 16: Promover sociedades justas, pacificas e inclusivas","El Objetivo 16 pretende promover sociedades pacificas e inclusivas, facilitar el acceso a la justicia para toda la poblacion y crear instituciones eficaces, responsables e inclusivas a todos los niveles. Las personas de todo el mundo deben vivir libres del miedo a cualquier forma de violencia y sentirse seguras en su dia a dia, sea cual sea su origen etnico, religion u orientacion sexual.
Sin embargo, los conflictos violentos, actuales y nuevos, en todo el mundo, estan haciendo descarrilar el camino global hacia la paz y hacia la consecucion del Objetivo 16.
Resulta alarmante que en el ano 2022 se produjera un aumento en mas del 50 % en el numero de muertes de civiles relacionadas con los conflictos, el primero desde la adopcion de la Agenda 2030, debido en gran parte a la guerra de Ucrania.
Los altos niveles de violencia armada e inseguridad tienen consecuencias destructivas para el desarrollo de un pais, mientras que la violencia sexual, los delitos, la explotacion y la tortura son fenomenos generalizados donde existen conflictos o no hay Estado de derecho, por lo que los paises deben tomar medidas para proteger a los sectores que corren mas riesgos.
Los gobiernos, la sociedad civil y las comunidades deben colaborar para encontrar soluciones duraderas a los conflictos y al clima de inseguridad. El fortalecimiento del Estado de derecho y la promocion de los derechos humanos es fundamental en este proceso, asi como la reduccion del trafico de armas ilicitas, la lucha contra la corrupcion y el fomento de una participacion inclusiva.",1
Objetivo 17: Revitalizar la Alianza Mundial para el Desarrollo Sostenible,"El Objetivo 17 pretende revitalizar la alianza mundial para el desarrollo sostenible. La Agenda 2030 es universal y exige la implicacion de todos los paises, tanto desarrollados como en desarrollo, para garantizar que nadie se quede atras. Tambien requiere la colaboracion entre los gobiernos, el sector privado y la sociedad civil.
Los Objetivos de Desarrollo Sostenible solo se pueden conseguir con asociaciones mundiales solidas y cooperacion para garantizar que nadie se quede atras en nuestro camino hacia el desarrollo.
Sin embargo, no todos los paises se encuentran en la misma situacion de partida, y los paises de ingresos bajos y medios afrontan enormes deudas que les impiden hacer avances en esta materia.
Despues de la pandemia de la COVID-19, los paises en desarrollo se enfrentan a un aumento sin precedentes de los niveles de deuda externa, agravado por retos como una inflacion extrema, la escalada de las tasas de interes, prioridades contrapuestas y una capacidad fiscal limitada, lo que subraya la urgente necesidad de alivio de la deuda y asistencia financiera.
Aunque las corrientes de asistencia oficial para el desarrollo (AOD) siguen alcanzando maximos historicos, el aumento en 2022 se atribuye principalmente al gasto en refugiados en los paises donantes y a la ayuda a Ucrania.
Para tener exito, es necesario movilizar tanto los recursos existentes como los adicionales, y los paises desarrollados deberan cumplir sus compromisos de aumentar la asistencia oficial para el desarrollo.",1
"1. Ordenamiento del Territorio Alrededor del Agua y Justicia
Ambiental","Esta transformacion busca reorganizar el uso del territorio colombiano poniendo el agua y la biodiversidad en el centro de las decisiones, garantizando la proteccion de ecosistemas estrategicos como paramos, humedales y cuencas hidrograficas. Propone una gobernanza ambiental inclusiva, con participacion comunitaria y la implementacion de instrumentos como el catastro multiproposito y el Sistema de Administracion del Territorio (SAT) para reducir conflictos socioambientales, formalizar la tenencia de tierras y promover un desarrollo urbano y rural sostenible. Ademas, busca modernizar la gestion del riesgo de desastres y adaptarse al cambio climatico, priorizando la conservacion y el acceso equitativo al agua.",2
2. Seguridad Humana y Justicia Social,"Esta linea busca garantizar el bienestar integral de la poblacion mediante un sistema de proteccion social universal que incluya transferencias monetarias (como la Renta Ciudadana), acceso a salud preventiva, educacion de calidad y trabajo digno. Promueve la justicia centrada en las personas, con enfoques diferenciales para victimas del conflicto, adultos mayores y poblaciones vulnerables. Tambien impulsa la transformacion digital, la movilidad sostenible y la seguridad ciudadana desde una perspectiva de derechos humanos, buscando reducir la violencia, la pobreza y las desigualdades historicas.",2
3. Derecho Humano a la Alimentacion,"Esta transformacion tiene como objetivo garantizar que todos los colombianos accedan a alimentos suficientes, nutritivos y culturalmente adecuados, promoviendo sistemas agroalimentarios sostenibles. Incluye medidas para modernizar la produccion rural, reducir perdidas en las cadenas de suministro, fomentar practicas agricolas respetuosas con el medio ambiente y fortalecer la soberania alimentaria. Ademas, busca combatir la malnutricion mediante politicas publicas que integren saberes tradicionales y enfoques territoriales, asegurando que el derecho a la alimentacion sea una realidad en todos los rincones del pais.",2
"4. Transformacion Productiva, Internacionalizacion y
Accion Climatica","Esta linea impulsa un cambio en el modelo economico hacia uno bajo en carbono y basado en la biodiversidad, promoviendo energias renovables, bioeconomia y reindustrializacion sostenible. Incluye la proteccion de ecosistemas clave, la descarbonizacion del transporte y la adopcion de practicas circulares en ciudades y sectores productivos. Tambien fomenta la innovacion tecnologica, el turismo responsable y la integracion de Colombia en cadenas globales de valor con criterios ambientales, buscando posicionar al pais como lider en accion climatica y desarrollo verde.",2
5. Convergencia Regional,"Esta transformacion busca reducir las brechas entre regiones mediante estrategias de desarrollo territorial equilibrado, con inversion en infraestructura vial, conectividad digital y servicios basicos para zonas rurales y marginadas. Promueve la articulacion entre municipios, la participacion comunitaria en la planeacion y la implementacion de proyectos con impacto regional, especialmente en territorios afectados por el conflicto (como los PDET). Ademas, fortalece la gobernanza local y la cooperacion fronteriza, asegurando que las politicas publicas respondan a las necesidades especificas de cada territorio.",2
Seguridad Multidimensional,"Busca reducir la pobreza multidimensional y mejorar la seguridad desde un enfoque integral que abarca no solo lo militar o policial, sino tambien lo social y ambiental. Este eje articula capacidades institucionales en todos los niveles (local, regional y nacional) para garantizar presencia estatal efectiva y derechos ciudadanos.",3
Prosperidad,"Enfocado en crear condiciones para el crecimiento economico, impulsando sectores estrategicos como el turismo, la educacion, la infraestructura vial, el bilinguismo, el acceso al agua potable, y el empoderamiento del sector agrario. Pretende aumentar la riqueza colectiva y mejorar la calidad de vida mediante inversion social y productividad.",3
Sostenibilidad,"Este eje promueve el desarrollo economico sin comprometer los recursos naturales del departamento. Se enfoca en proteger el agua, el paramo, la biodiversidad y en fomentar proyectos de energias renovables, economia circular y responsabilidad ambiental para asegurar un entorno habitable para las futuras generaciones.",3
Educacion. Linea Estrategica 1: Territorio que Integra,"Busca garantizar una educacion inclusiva y de calidad, reduciendo brechas entre instituciones publicas y privadas. Incluye acciones como fortalecer la jornada unica, promover el bilinguismo (meta del 40% de jovenes bilingues para 2034), modernizar infraestructura escolar y reducir la desercion, especialmente en poblaciones vulnerables. Tambien impulsa alianzas con universidades y programas tecnicos para mejorar oportunidades laborales.",4
Salud y Proteccion Social. Linea Estrategica 1: Territorio que Integra,"Tiene como objetivo mejorar el acceso a servicios de salud preventiva y predictiva, con enfasis en poblaciones rurales y grupos vulnerables. Aborda problemas como enfermedades cronicas, salud mental (depresion, consumo de sustancias) y falta de articulacion entre servicios sociales. Incluye ampliacion de centros de salud, campanas de prevencion y programas intersectoriales para atencion integral.",4
Deporte y Recreacion. Linea Estrategica 1: Territorio que Integra,"Promueve actividades deportivas y recreativas como herramientas de integracion social y bienestar fisico-mental. Focaliza esfuerzos en comunidades marginadas, con infraestructura accesible (parques, canchas) y programas para ninos, jovenes y adultos mayores. Busca reducir sedentarismo y violencia mediante el deporte, ademas de fomentar talentos locales.",4
Cultura. Linea Estrategica 1: Territorio que Integra,"Trabaja en la preservacion y promocion de la diversidad cultural de Bucaramanga, apoyando artistas locales, patrimonios tangibles e intangibles, y espacios comunitarios. Incluye talleres artisticos, recuperacion de tradiciones y eventos que fortalezcan la identidad bumanguesa, con enfoque en poblaciones historicamente excluidas (etnicas, rurales).",4
Inclusion Social y Reconciliacion. Linea Estrategica 1: Territorio que Integra,"Atiende necesidades especificas de grupos vulnerables (mujeres, adultos mayores, LGBTIQ+, migrantes, victimas del conflicto, personas con discapacidad). Implementa politicas de equidad, acceso a derechos basicos (vivienda, empleo) y procesos de reconciliacion comunitaria. Ejemplos: programas contra violencia de genero, inclusion laboral para discapacitados y apoyo psicosocial a victimas.",4
Trabajo. Linea Estrategica 2: Territorio que Progresa,"Busca generar empleo formal y reducir la informalidad laboral (meta: 40% para 2027) mediante alianzas con el sector privado, capacitacion tecnica y apoyo a emprendimientos. Incluye programas de primer empleo para jovenes, incentivos a empresas que contraten poblaciones vulnerables y fortalecimiento de la economia popular.",4
"Comercio, Industria y Turismo. Linea Estrategica 2: Territorio que Progresa","Impulsa la competitividad empresarial y el turismo sostenible mediante modernizacion de mercados, certificaciones de calidad y promocion de Bucaramanga como destino de negocios y cultura. Apoya PYMES, negocios verdes y circuitos turisticos que integren la riqueza natural y patrimonial del area metropolitana.",4
"Ciencia, Tecnologia e Innovacion. Linea Estrategica 2: Territorio que Progresa","Desarrolla un ecosistema de innovacion con proyectos como el Parque Tecnologico, vinculacion universidad-empresa y financiamiento a startups. Prioriza sectores estrategicos (salud, energia limpia, TIC) y formacion en habilidades digitales para la Cuarta Revolucion Industrial.",4
Tecnologias de la Informacion y Comunicacion. Linea Estrategica 2: Territorio que Progresa,"Garantiza conectividad digital en zonas urbanas y rurales, con infraestructura de internet accesible y programas de alfabetizacion digital. Promueve gobierno electronico, telemedicina y teletrabajo para reducir brechas tecnologicas.",4
Agricultura y Desarrollo Rural. Linea Estrategica 2: Territorio que Progresa,"Fortalece la agricultura campesina con asistencia tecnica, comercializacion de productos locales y tecnologias sostenibles. Incluye proyectos de seguridad alimentaria, riego eficiente y turismo rural para dinamizar la economia campesina.",4
Transporte. Linea Estrategica 2: Territorio que Progresa,"Moderniza el sistema de movilidad con corredores estrategicos, integracion del transporte publico (ej. Metrolinea) y promocion de modos sostenibles (bicicletas, peatonalizacion). Reduce tiempos de desplazamiento y contaminacion mediante planes de movilidad inteligente.",4
"Vivienda, Ciudad y Territorio. Linea Estrategica 2: Territorio que Progresa","Garantiza acceso a vivienda digna con proyectos de urbanismo social y legalizacion de asentamientos. Implementa estrategias de densificacion equilibrada, espacio publico accesible y renovacion urbana en zonas marginadas.",4
Minas y Energia. Linea Estrategica 2: Territorio que Progresa,"Fomenta energias limpias (solar, biomasa) y mineria responsable. Incluye programas de eficiencia energetica para empresas y hogares, asi como transicion hacia una matriz energetica sostenible.",4
Gobierno Territorial. Linea Estrategica 3: Territorio Sostenible,"Implementa politicas publicas ambientales y de gestion del riesgo, fortaleciendo la gobernanza institucional para la sostenibilidad. Incluye planes de ordenamiento territorial con enfoque ecologico y mecanismos de participacion ciudadana en la toma de decisiones ambientales.",4
Ambiente y Desarrollo Sostenible. Linea Estrategica 3: Territorio Sostenible,"Protege los recursos naturales mediante estrategias de conservacion de cuencas hidricas, reforestacion y economia circular. Implementa programas de calidad del aire, manejo integral de residuos (meta: 30% de reciclaje para 2027) y corredores verdes urbanos para aumentar espacios publicos sostenibles.",4
Gestion del Riesgo. Linea Estrategica 3: Territorio Sostenible,"Reduce vulnerabilidades ante desastres naturales con sistemas de alerta temprana, obras de mitigacion en zonas de alto riesgo y capacitacion comunitaria. Prioriza soluciones basadas en la naturaleza para enfrentar el cambio climatico.",4
Bienestar Animal. Linea Estrategica 3: Territorio Sostenible,"Promueve la proteccion y tenencia responsable de animales mediante campanas de esterilizacion, centros de atencion veterinaria gratuita y educacion ciudadana. Combate el maltrato animal y fomenta la adopcion de fauna domestica en situacion de calle.",4
Energias Limpias. Linea Estrategica 3: Territorio Sostenible,"Impulsa la transicion energetica con proyectos de energia solar en edificios publicos, transporte electrico y eficiencia energetica en industrias. Meta: 10% de energias renovables en la matriz municipal para 2027.",4
Gobierno Territorial. Linea Estrategica 4: Territorio que Genera Valor,"Moderniza la administracion publica mediante sistemas digitales, simplificacion de tramites y profesionalizacion del talento humano. Implementa estrategias de gobierno abierto para garantizar transparencia y eficiencia en la gestion de recursos publicos.",4
Informacion Estadistica. Linea Estrategica 4: Territorio que Genera Valor,"Fortalece los sistemas de datos territoriales para la toma de decisiones basada en evidencia. Integra plataformas tecnologicas que permitan el monitoreo en tiempo real de indicadores sociales, economicos y ambientales.",4
Organismos de Control. Linea Estrategica 4: Territorio que Genera Valor,"Promueve la rendicion de cuentas y lucha contra la corrupcion mediante auditorias ciudadanas, veedurias comunitarias y sistemas de denuncia protegida. Fortalece la coordinacion entre Personeria, Contraloria y entes de vigilancia.",4
Gobierno territorial. Linea estrategica 5: Territorio seguro,"A traves de la estrategia de Gestores de Convivencia, se implementa un abordaje integral orientado a la prevencion y reduccion del delito, con enfasis en el hurto, la violencia interpersonal y la violencia intrafamiliar, mediante acciones pedagogicas que buscan disminuir comportamientos contrarios a la convivencia. Esta estrategia se focaliza en tres ejes principales: el respeto y garantia del derecho a la protesta pacifica, el diagnostico y abordaje de conflictividades sociales, y el apoyo a los frentes de seguridad. Como objetivo general, el programa busca gestionar escenarios, espacios o mecanismos que articulen la participacion de la comunidad, los organismos de seguridad -en especial la Policia Metropolitana de Bucaramanga- y la administracion municipal. Todo esto bajo un enfoque multidisciplinario y participativo, que permita realizar diagnosticos territoriales y situacionales, sistematizar experiencias y proponer soluciones a los principales factores que generan comportamientos contrarios a la convivencia o facilitan la comision de delitos, tanto en barrios y veredas como en el espacio publico y en puntos criticos de criminalidad previamente priorizados.",4
Justicia y del derecho. Linea estrategica 5: Territorio seguro,"La ciudad de Bucaramanga enfrenta actualmente el reto de seguridad mas significativo de su historia, evidenciado en la creciente vulneracion de los derechos y libertades de sus habitantes. En los ultimos cuatro anos, las cifras estadisticas muestran un aumento sostenido en distintos tipos penales, cuyas conductas delictivas han permeado escenarios publicos, entornos escolares y espacios recreativos. Este fenomeno responde a multiples factores causales, facilitadores y de riesgo que han contribuido al deterioro de la seguridad y a una creciente percepcion de inseguridad entre la ciudadania. Aunque las instituciones han incrementado su capacidad operativa en respuesta a esta situacion, dicho esfuerzo no ha sido suficiente para contrarrestar el contexto actual ni para alcanzar la estabilizacion de un territorio verdaderamente seguro, prospero y sostenible.",4
